Category,Practice/Element,Description,Business_Relevance
Religious Practices,Islamic Boarding Schools (Pesantren),"Islamic educational institutions central to community life, led by respected Kiai",Key stakeholders for community approval and legitimacy
Religious Practices,Kiai Leadership System,Religious leaders (Kiai) hold significant social and spiritual authority,Important gatekeepers and influencers for local operations
Religious Practices,Religious Study Groups (Ta'lim),Regular religious study sessions that strengthen community bonds,Platforms for community engagement and relationship building
Religious Practices,Sufi Dance Communities,Mystical Islamic dance traditions for spiritual practice,Cultural sensitivity training opportunities
Religious Practices,Religious Harmony Practices,Interfaith tolerance and coexistence practices between different Islamic schools,Demonstrates community's capacity for managing differences
Traditional Ceremonies,Toron & Nyekar Traditions,Cemetery visitation and flower scattering during religious holidays,Shows respect for local customs and builds community trust
Traditional Ceremonies,Rokat Tase (Sea Ceremony),Annual sea ceremony by fishermen for safety and prosperity,Important for coastal operations and fishermen relations
Traditional Ceremonies,Gumbak (Weapon Washing Ritual),Sacred weapon purification ceremony held in Dzulhijjah,Demonstrates cultural awareness and respect
Traditional Ceremonies,Komantanan (Wedding Tradition),Traditional wedding ceremonies with specific cultural protocols,Opportunities for corporate social responsibility engagement
Traditional Ceremonies,Mantan Todhuk Ceremony,"Life cycle ceremonies in Sampang, Robatal, and Ketapang districts",Understanding of community ceremonial importance
Social Structure,Tanean Lanjang (Extended Family Compound),Traditional family compound system where extended families live together,Understanding family decision-making structures in business
Social Structure,Kiai-Santri Relationship,Hierarchical relationship between religious teachers and students,Hierarchy considerations in stakeholder engagement
Social Structure,Matrilocal Residence Pattern,Post-marriage residence where couples live with wife's family,Family consultation requirements in business decisions
Social Structure,Bilateral Kinship System,Family system recognizing both paternal and maternal lineages,Broad stakeholder engagement across family networks
Social Structure,Religious Authority Structure,Religious authorities play key roles in community governance,Religious endorsement crucial for community acceptance
Conflict Resolution,Traditional Mediation (Rembagan),Traditional discussion and negotiation methods for problem-solving,Traditional conflict resolution mechanisms for business disputes
Conflict Resolution,Community Deliberation (Musyawarah),Community meetings for collective decision-making,Community consultation processes for business decisions
Conflict Resolution,Reconciliation Approaches,Post-conflict healing and relationship restoration practices,Post-conflict business relationship restoration methods
Conflict Resolution,Peace-building through Religious Leaders,Religious and community leaders facilitate peace processes,Religious leader mediation for business conflicts
Arts & Crafts,Batik Sampang,Traditional textile art with specific Sampang motifs and techniques,Local procurement and cultural heritage preservation opportunities
Arts & Crafts,Bamboo & Pandan Crafts,Traditional handicrafts using local materials like bamboo and pandan,Local artisan engagement and supply chain opportunities
Arts & Crafts,Traditional Pottery (Gerabah),Clay pottery making in Tlambah village as cultural heritage,Cultural tourism and community development potential
Arts & Crafts,Topeng Getlak Dance,Traditional mask dance performances,Cultural event sponsorship and community engagement
Arts & Crafts,Sandur/Sronen Folk Theater,"Folk theater combining drama, music, and social commentary",Traditional media and communication channels
Food Culture,Sate Madura,Famous grilled meat skewers with distinctive spice blends,Catering and hospitality service opportunities
Food Culture,Traditional Culinary Festivals,Community food festivals celebrating local cuisine,Community event sponsorship and marketing opportunities
Food Culture,Communal Cooking Traditions,Collective food preparation for celebrations and ceremonies,Corporate social responsibility through food programs
Food Culture,Hospitality Customs,Traditional ways of welcoming and serving guests,Business relationship building through hospitality
Local Governance,Village Government Structure,Local administrative structure with traditional elements,Understanding proper channels for government relations
Local Governance,Traditional Leadership Roles,Customary leadership roles alongside formal government,Engaging both formal and traditional authority structures
Local Governance,Community Decision-Making,Consensus-building in community decisions,Proper consultation processes for business permits
Local Governance,Local Administrative Customs,Administrative practices rooted in local customs,Culturally appropriate business development approaches
Business Culture,Relationship-Based Business,Business relationships built on personal connections and trust,Long-term relationship building strategies
Business Culture,Respect for Hierarchy,"Respect for age, status, and religious authority in business",Proper business hierarchy and respect protocols
Business Culture,Collective Decision Making,Group consultation and consensus in business decisions,Inclusive decision-making processes
Business Culture,Hospitality in Business,Generous hosting and relationship-building in business contexts,Business entertainment and relationship building practices
Festivals & Celebrations,Maulid Celebrations,Religious celebrations with community participation,Community engagement and sponsorship opportunities
Festivals & Celebrations,Bull Racing (Karapan Sapi),Traditional bull racing as cultural identity and sport,Cultural event participation for company visibility
Festivals & Celebrations,Cultural Performance Events,Various cultural events showcasing local arts,Marketing and promotional opportunities
Festivals & Celebrations,Seasonal Festivals,Celebrations aligned with agricultural and religious calendars,Seasonal business planning aligned with cultural calendar
Language & Literature,Macapat Poetry,Traditional poetry form used for moral teaching and storytelling,Cultural storytelling for brand messaging
Language & Literature,Oral Traditions,Rich tradition of oral history and folklore,Traditional communication methods and cultural content
Language & Literature,Local Storytelling,Community storytelling traditions preserving local wisdom,Local narrative incorporation in corporate communications
Marriage & Family,Extended Family Systems,Multi-generational family structures with clear hierarchies,Family business structure understanding for partnerships
Marriage & Family,Marriage Customs,Elaborate marriage ceremonies reflecting cultural values,Cultural protocols for business ceremonies
Marriage & Family,Intergenerational Respect,Strong respect for elders and ancestral wisdom,Multi-generational stakeholder engagement strategies
Marriage & Family,Family Business Traditions,Family enterprises passed down through generations,Family business succession planning insights
Local Wisdom,Environmental Adaptation,Traditional knowledge for coping with natural disasters,Risk management and disaster preparedness learning
Local Wisdom,Flood Management Wisdom,Community-based flood management and early warning systems,Community-based early warning systems for operations
Local Wisdom,Community Solidarity,Strong mutual assistance and support networks,Social capital building and mutual support systems
Local Wisdom,Ancestral Respect Traditions,Reverence for ancestors and their continued influence on community life,Cultural sensitivity in community relations and CSR
